"module name","license","repository"
"@alloc/quick-lru@5.2.0","MIT","https://github.com/sindresorhus/quick-lru"
"@babel/code-frame@7.24.7","MIT","https://github.com/babel/babel"
"@babel/generator@7.25.6","MIT","https://github.com/babel/babel"
"@babel/helper-module-imports@7.24.7","MIT","https://github.com/babel/babel"
"@babel/helper-string-parser@7.24.8","MIT","https://github.com/babel/babel"
"@babel/helper-validator-identifier@7.24.7","MIT","https://github.com/babel/babel"
"@babel/highlight@7.24.7","MIT","https://github.com/babel/babel"
"@babel/parser@7.25.6","MIT","https://github.com/babel/babel"
"@babel/runtime@7.25.6","MIT","https://github.com/babel/babel"
"@babel/template@7.25.0","MIT","https://github.com/babel/babel"
"@babel/traverse@7.25.6","MIT","https://github.com/babel/babel"
"@babel/types@7.25.6","MIT","https://github.com/babel/babel"
"@emotion/babel-plugin@11.12.0","MIT","https://github.com/emotion-js/emotion/tree/main/packages/babel-plugin"
"@emotion/cache@11.13.1","MIT","https://github.com/emotion-js/emotion/tree/main/packages/cache"
"@emotion/hash@0.9.2","MIT","https://github.com/emotion-js/emotion/tree/main/packages/hash"
"@emotion/is-prop-valid@1.3.1","MIT","https://github.com/emotion-js/emotion/tree/main/packages/is-prop-valid"
"@emotion/memoize@0.9.0","MIT","https://github.com/emotion-js/emotion/tree/main/packages/memoize"
"@emotion/react@11.13.3","MIT","https://github.com/emotion-js/emotion/tree/main/packages/react"
"@emotion/serialize@1.3.2","MIT","https://github.com/emotion-js/emotion/tree/main/packages/serialize"
"@emotion/sheet@1.4.0","MIT","https://github.com/emotion-js/emotion/tree/main/packages/sheet"
"@emotion/styled@11.13.0","MIT","https://github.com/emotion-js/emotion/tree/main/packages/styled"
"@emotion/unitless@0.10.0","MIT","https://github.com/emotion-js/emotion/tree/main/packages/unitless"
"@emotion/use-insertion-effect-with-fallbacks@1.1.0","MIT","https://github.com/emotion-js/emotion/tree/main/packages/use-insertion-effect-with-fallbacks"
"@emotion/utils@1.4.1","MIT","https://github.com/emotion-js/emotion/tree/main/packages/utils"
"@emotion/weak-memoize@0.4.0","MIT","https://github.com/emotion-js/emotion/tree/main/packages/weak-memoize"
"@eslint-community/eslint-utils@4.4.0","MIT","https://github.com/eslint-community/eslint-utils"
"@eslint-community/regexpp@4.11.1","MIT","https://github.com/eslint-community/regexpp"
"@eslint/eslintrc@2.1.4","MIT","https://github.com/eslint/eslintrc"
"@eslint/js@8.57.1","MIT","https://github.com/eslint/eslint"
"@firebase/analytics-compat@0.2.14","Apache-2.0","https://github.com/firebase/firebase-js-sdk"
"@firebase/analytics-types@0.8.2","Apache-2.0","https://github.com/firebase/firebase-js-sdk"
"@firebase/analytics@0.10.8","Apache-2.0","https://github.com/firebase/firebase-js-sdk"
"@firebase/app-check-compat@0.3.15","Apache-2.0","https://github.com/firebase/firebase-js-sdk"
"@firebase/app-check-interop-types@0.3.2","Apache-2.0","https://github.com/firebase/firebase-js-sdk"
"@firebase/app-check-types@0.5.2","Apache-2.0","https://github.com/firebase/firebase-js-sdk"
"@firebase/app-check@0.8.8","Apache-2.0","https://github.com/firebase/firebase-js-sdk"
"@firebase/app-compat@0.2.41","Apache-2.0","https://github.com/firebase/firebase-js-sdk"
"@firebase/app-types@0.9.2","Apache-2.0","https://github.com/firebase/firebase-js-sdk"
"@firebase/app@0.10.11","Apache-2.0","https://github.com/firebase/firebase-js-sdk"
"@firebase/auth-compat@0.5.14","Apache-2.0","https://github.com/firebase/firebase-js-sdk"
"@firebase/auth-interop-types@0.2.3","Apache-2.0","https://github.com/firebase/firebase-js-sdk"
"@firebase/auth-types@0.12.2","Apache-2.0","https://github.com/firebase/firebase-js-sdk"
"@firebase/auth@1.7.9","Apache-2.0","https://github.com/firebase/firebase-js-sdk"
"@firebase/component@0.6.9","Apache-2.0","https://github.com/firebase/firebase-js-sdk"
"@firebase/database-compat@1.0.8","Apache-2.0","https://github.com/firebase/firebase-js-sdk"
"@firebase/database-types@1.0.5","Apache-2.0","https://github.com/firebase/firebase-js-sdk"
"@firebase/database@1.0.8","Apache-2.0","https://github.com/firebase/firebase-js-sdk"
"@firebase/firestore-compat@0.3.37","Apache-2.0","https://github.com/firebase/firebase-js-sdk"
"@firebase/firestore-types@3.0.2","Apache-2.0","https://github.com/firebase/firebase-js-sdk"
"@firebase/firestore@4.7.2","Apache-2.0","https://github.com/firebase/firebase-js-sdk"
"@firebase/functions-compat@0.3.14","Apache-2.0","https://github.com/firebase/firebase-js-sdk"
"@firebase/functions-types@0.6.2","Apache-2.0","https://github.com/firebase/firebase-js-sdk"
"@firebase/functions@0.11.8","Apache-2.0","https://github.com/firebase/firebase-js-sdk"
"@firebase/installations-compat@0.2.9","Apache-2.0","https://github.com/firebase/firebase-js-sdk"
"@firebase/installations-types@0.5.2","Apache-2.0","https://github.com/firebase/firebase-js-sdk"
"@firebase/installations@0.6.9","Apache-2.0","https://github.com/firebase/firebase-js-sdk"
"@firebase/logger@0.4.2","Apache-2.0","https://github.com/firebase/firebase-js-sdk"
"@firebase/messaging-compat@0.2.11","Apache-2.0","https://github.com/firebase/firebase-js-sdk"
"@firebase/messaging-interop-types@0.2.2","Apache-2.0","https://github.com/firebase/firebase-js-sdk"
"@firebase/messaging@0.12.11","Apache-2.0","https://github.com/firebase/firebase-js-sdk"
"@firebase/performance-compat@0.2.9","Apache-2.0","https://github.com/firebase/firebase-js-sdk"
"@firebase/performance-types@0.2.2","Apache-2.0","https://github.com/firebase/firebase-js-sdk"
"@firebase/performance@0.6.9","Apache-2.0","https://github.com/firebase/firebase-js-sdk"
"@firebase/remote-config-compat@0.2.9","Apache-2.0","https://github.com/firebase/firebase-js-sdk"
"@firebase/remote-config-types@0.3.2","Apache-2.0","https://github.com/firebase/firebase-js-sdk"
"@firebase/remote-config@0.4.9","Apache-2.0","https://github.com/firebase/firebase-js-sdk"
"@firebase/storage-compat@0.3.12","Apache-2.0","https://github.com/firebase/firebase-js-sdk"
"@firebase/storage-types@0.8.2","Apache-2.0","https://github.com/firebase/firebase-js-sdk"
"@firebase/storage@0.13.2","Apache-2.0","https://github.com/firebase/firebase-js-sdk"
"@firebase/util@1.10.0","Apache-2.0","https://github.com/firebase/firebase-js-sdk"
"@firebase/vertexai-preview@0.0.4","Apache-2.0","https://github.com/firebase/firebase-js-sdk"
"@firebase/webchannel-wrapper@1.0.1","Apache-2.0","https://github.com/firebase/firebase-js-sdk"
"@grpc/grpc-js@1.9.15","Apache-2.0","https://github.com/grpc/grpc-node/tree/master/packages/grpc-js"
"@grpc/proto-loader@0.7.13","Apache-2.0","https://github.com/grpc/grpc-node"
"@humanwhocodes/config-array@0.13.0","Apache-2.0","https://github.com/humanwhocodes/config-array"
"@humanwhocodes/module-importer@1.0.1","Apache-2.0","https://github.com/humanwhocodes/module-importer"
"@humanwhocodes/object-schema@2.0.3","BSD-3-Clause","https://github.com/humanwhocodes/object-schema"
"@isaacs/cliui@8.0.2","ISC","https://github.com/yargs/cliui"
"@jridgewell/gen-mapping@0.3.5","MIT","https://github.com/jridgewell/gen-mapping"
"@jridgewell/resolve-uri@3.1.2","MIT","https://github.com/jridgewell/resolve-uri"
"@jridgewell/set-array@1.2.1","MIT","https://github.com/jridgewell/set-array"
"@jridgewell/sourcemap-codec@1.5.0","MIT","https://github.com/jridgewell/sourcemap-codec"
"@jridgewell/trace-mapping@0.3.25","MIT","https://github.com/jridgewell/trace-mapping"
"@mui/core-downloads-tracker@6.1.2","MIT","https://github.com/mui/material-ui"
"@mui/icons-material@6.1.1","MIT","https://github.com/mui/material-ui"
"@mui/material@6.1.2","MIT","https://github.com/mui/material-ui"
"@mui/private-theming@6.1.2","MIT","https://github.com/mui/material-ui"
"@mui/styled-engine@6.1.2","MIT","https://github.com/mui/material-ui"
"@mui/system@6.1.2","MIT","https://github.com/mui/material-ui"
"@mui/types@7.2.17","MIT","https://github.com/mui/material-ui"
"@mui/utils@6.1.2","MIT","https://github.com/mui/material-ui"
"@next/env@14.2.13","MIT","https://github.com/vercel/next.js"
"@next/eslint-plugin-next@14.2.13","MIT","https://github.com/vercel/next.js"
"@next/swc-win32-x64-msvc@14.2.13","MIT","https://github.com/vercel/next.js"
"@nodelib/fs.scandir@2.1.5","MIT","https://github.com/nodelib/nodelib/tree/master/packages/fs/fs.scandir"
"@nodelib/fs.stat@2.0.5","MIT","https://github.com/nodelib/nodelib/tree/master/packages/fs/fs.stat"
"@nodelib/fs.walk@1.2.8","MIT","https://github.com/nodelib/nodelib/tree/master/packages/fs/fs.walk"
"@nolyfill/is-core-module@1.0.39","MIT","https://github.com/SukkaW/nolyfill"
"@pkgjs/parseargs@0.11.0","MIT","https://github.com/pkgjs/parseargs"
"@popperjs/core@2.11.8","MIT","https://github.com/popperjs/popper-core"
"@protobufjs/aspromise@1.1.2","BSD-3-Clause","https://github.com/dcodeIO/protobuf.js"
"@protobufjs/base64@1.1.2","BSD-3-Clause","https://github.com/dcodeIO/protobuf.js"
"@protobufjs/codegen@2.0.4","BSD-3-Clause","https://github.com/dcodeIO/protobuf.js"
"@protobufjs/eventemitter@1.1.0","BSD-3-Clause","https://github.com/dcodeIO/protobuf.js"
"@protobufjs/fetch@1.1.0","BSD-3-Clause","https://github.com/dcodeIO/protobuf.js"
"@protobufjs/float@1.0.2","BSD-3-Clause","https://github.com/dcodeIO/protobuf.js"
"@protobufjs/inquire@1.1.0","BSD-3-Clause","https://github.com/dcodeIO/protobuf.js"
"@protobufjs/path@1.1.2","BSD-3-Clause","https://github.com/dcodeIO/protobuf.js"
"@protobufjs/pool@1.1.0","BSD-3-Clause","https://github.com/dcodeIO/protobuf.js"
"@protobufjs/utf8@1.1.0","BSD-3-Clause","https://github.com/dcodeIO/protobuf.js"
"@rtsao/scc@1.1.0","MIT","https://github.com/rtsao/scc"
"@rushstack/eslint-patch@1.10.4","MIT","https://github.com/microsoft/rushstack"
"@swc/counter@0.1.3","Apache-2.0","https://github.com/swc-project/pkgs"
"@swc/helpers@0.5.5","Apache-2.0","https://github.com/swc-project/swc"
"@types/firebase@3.2.1","MIT","https://www.firebase.com/docs/javascript/firebase"
"@types/json5@0.0.29","MIT","https://github.com/DefinitelyTyped/DefinitelyTyped"
"@types/node@20.16.10","MIT","https://github.com/DefinitelyTyped/DefinitelyTyped"
"@types/parse-json@4.0.2","MIT","https://github.com/DefinitelyTyped/DefinitelyTyped"
"@types/prop-types@15.7.13","MIT","https://github.com/DefinitelyTyped/DefinitelyTyped"
"@types/react-dom@18.3.0","MIT","https://github.com/DefinitelyTyped/DefinitelyTyped"
"@types/react-transition-group@4.4.11","MIT","https://github.com/DefinitelyTyped/DefinitelyTyped"
"@types/react@18.3.10","MIT","https://github.com/DefinitelyTyped/DefinitelyTyped"
"@typescript-eslint/eslint-plugin@8.7.0","MIT","https://github.com/typescript-eslint/typescript-eslint"
"@typescript-eslint/parser@8.7.0","BSD-2-Clause","https://github.com/typescript-eslint/typescript-eslint"
"@typescript-eslint/scope-manager@8.7.0","MIT","https://github.com/typescript-eslint/typescript-eslint"
"@typescript-eslint/type-utils@8.7.0","MIT","https://github.com/typescript-eslint/typescript-eslint"
"@typescript-eslint/types@8.7.0","MIT","https://github.com/typescript-eslint/typescript-eslint"
"@typescript-eslint/typescript-estree@8.7.0","BSD-2-Clause","https://github.com/typescript-eslint/typescript-eslint"
"@typescript-eslint/utils@8.7.0","MIT","https://github.com/typescript-eslint/typescript-eslint"
"@typescript-eslint/visitor-keys@8.7.0","MIT","https://github.com/typescript-eslint/typescript-eslint"
"@ungap/structured-clone@1.2.0","ISC","https://github.com/ungap/structured-clone"
"acorn-jsx@5.3.2","MIT","https://github.com/acornjs/acorn-jsx"
"acorn@8.12.1","MIT","https://github.com/acornjs/acorn"
"ajv@6.12.6","MIT","https://github.com/ajv-validator/ajv"
"ansi-regex@5.0.1","MIT","https://github.com/chalk/ansi-regex"
"ansi-regex@6.1.0","MIT","https://github.com/chalk/ansi-regex"
"ansi-styles@3.2.1","MIT","https://github.com/chalk/ansi-styles"
"ansi-styles@4.3.0","MIT","https://github.com/chalk/ansi-styles"
"ansi-styles@6.2.1","MIT","https://github.com/chalk/ansi-styles"
"any-promise@1.3.0","MIT","https://github.com/kevinbeaty/any-promise"
"anymatch@3.1.3","ISC","https://github.com/micromatch/anymatch"
"arg@5.0.2","MIT","https://github.com/vercel/arg"
"argparse@2.0.1","Python-2.0","https://github.com/nodeca/argparse"
"aria-query@5.1.3","Apache-2.0","https://github.com/A11yance/aria-query"
"array-buffer-byte-length@1.0.1","MIT","https://github.com/inspect-js/array-buffer-byte-length"
"array-includes@3.1.8","MIT","https://github.com/es-shims/array-includes"
"array.prototype.findlast@1.2.5","MIT","https://github.com/es-shims/Array.prototype.findLast"
"array.prototype.findlastindex@1.2.5","MIT","https://github.com/es-shims/Array.prototype.findLastIndex"
"array.prototype.flat@1.3.2","MIT","https://github.com/es-shims/Array.prototype.flat"
"array.prototype.flatmap@1.3.2","MIT","https://github.com/es-shims/Array.prototype.flatMap"
"array.prototype.tosorted@1.1.4","MIT","https://github.com/es-shims/Array.prototype.toSorted"
"arraybuffer.prototype.slice@1.0.3","MIT","https://github.com/es-shims/ArrayBuffer.prototype.slice"
"ast-types-flow@0.0.8","MIT","https://github.com/kyldvs/ast-types-flow"
"available-typed-arrays@1.0.7","MIT","https://github.com/inspect-js/available-typed-arrays"
"axe-core@4.10.0","MPL-2.0","https://github.com/dequelabs/axe-core"
"axobject-query@4.1.0","Apache-2.0","https://github.com/A11yance/axobject-query"
"babel-plugin-macros@3.1.0","MIT","https://github.com/kentcdodds/babel-plugin-macros"
"balanced-match@1.0.2","MIT","https://github.com/juliangruber/balanced-match"
"binary-extensions@2.3.0","MIT","https://github.com/sindresorhus/binary-extensions"
"brace-expansion@1.1.11","MIT","https://github.com/juliangruber/brace-expansion"
"brace-expansion@2.0.1","MIT","https://github.com/juliangruber/brace-expansion"
"braces@3.0.3","MIT","https://github.com/micromatch/braces"
"busboy@1.6.0","MIT","https://github.com/mscdex/busboy"
"call-bind@1.0.7","MIT","https://github.com/ljharb/call-bind"
"callsites@3.1.0","MIT","https://github.com/sindresorhus/callsites"
"camelcase-css@2.0.1","MIT","https://github.com/stevenvachon/camelcase-css"
"caniuse-lite@1.0.30001664","CC-BY-4.0","https://github.com/browserslist/caniuse-lite"
"chalk@2.4.2","MIT","https://github.com/chalk/chalk"
"chalk@4.1.2","MIT","https://github.com/chalk/chalk"
"chokidar@3.6.0","MIT","https://github.com/paulmillr/chokidar"
"client-only@0.0.1","MIT",""
"cliui@8.0.1","ISC","https://github.com/yargs/cliui"
"clsx@2.1.1","MIT","https://github.com/lukeed/clsx"
"color-convert@1.9.3","MIT","https://github.com/Qix-/color-convert"
"color-convert@2.0.1","MIT","https://github.com/Qix-/color-convert"
"color-name@1.1.3","MIT","https://github.com/dfcreative/color-name"
"color-name@1.1.4","MIT","https://github.com/colorjs/color-name"
"commander@4.1.1","MIT","https://github.com/tj/commander.js"
"concat-map@0.0.1","MIT","https://github.com/substack/node-concat-map"
"convert-source-map@1.9.0","MIT","https://github.com/thlorenz/convert-source-map"
"cosmiconfig@7.1.0","MIT","https://github.com/davidtheclark/cosmiconfig"
"cross-spawn@7.0.3","MIT","https://github.com/moxystudio/node-cross-spawn"
"cssesc@3.0.0","MIT","https://github.com/mathiasbynens/cssesc"
"csstype@3.1.3","MIT","https://github.com/frenic/csstype"
"damerau-levenshtein@1.0.8","BSD-2-Clause","https://github.com/tad-lispy/node-damerau-levenshtein"
"data-view-buffer@1.0.1","MIT","https://github.com/ljharb/data-view-buffer"
"data-view-byte-length@1.0.1","MIT","https://github.com/ljharb/data-view-byte-length"
"data-view-byte-offset@1.0.0","MIT","https://github.com/ljharb/data-view-byte-offset"
"debug@3.2.7","MIT","https://github.com/visionmedia/debug"
"debug@4.3.7","MIT","https://github.com/debug-js/debug"
"deep-equal@2.2.3","MIT","https://github.com/inspect-js/node-deep-equal"
"deep-is@0.1.4","MIT","https://github.com/thlorenz/deep-is"
"define-data-property@1.1.4","MIT","https://github.com/ljharb/define-data-property"
"define-properties@1.2.1","MIT","https://github.com/ljharb/define-properties"
"didyoumean@1.2.2","Apache-2.0","https://github.com/dcporter/didyoumean.js"
"dlv@1.1.3","MIT","https://github.com/developit/dlv"
"doctrine@2.1.0","Apache-2.0","https://github.com/eslint/doctrine"
"doctrine@3.0.0","Apache-2.0","https://github.com/eslint/doctrine"
"dom-helpers@5.2.1","MIT","https://github.com/react-bootstrap/dom-helpers"
"eastasianwidth@0.2.0","MIT","https://github.com/komagata/eastasianwidth"
"emoji-regex@8.0.0","MIT","https://github.com/mathiasbynens/emoji-regex"
"emoji-regex@9.2.2","MIT","https://github.com/mathiasbynens/emoji-regex"
"enhanced-resolve@5.17.1","MIT","https://github.com/webpack/enhanced-resolve"
"error-ex@1.3.2","MIT","https://github.com/qix-/node-error-ex"
"es-abstract@1.23.3","MIT","https://github.com/ljharb/es-abstract"
"es-define-property@1.0.0","MIT","https://github.com/ljharb/es-define-property"
"es-errors@1.3.0","MIT","https://github.com/ljharb/es-errors"
"es-get-iterator@1.1.3","MIT","https://github.com/ljharb/es-get-iterator"
"es-iterator-helpers@1.0.19","MIT","https://github.com/es-shims/iterator-helpers"
"es-object-atoms@1.0.0","MIT","https://github.com/ljharb/es-object-atoms"
"es-set-tostringtag@2.0.3","MIT","https://github.com/es-shims/es-set-tostringtag"
"es-shim-unscopables@1.0.2","MIT","https://github.com/ljharb/es-shim-unscopables"
"es-to-primitive@1.2.1","MIT","https://github.com/ljharb/es-to-primitive"
"escalade@3.2.0","MIT","https://github.com/lukeed/escalade"
"escape-string-regexp@1.0.5","MIT","https://github.com/sindresorhus/escape-string-regexp"
"escape-string-regexp@4.0.0","MIT","https://github.com/sindresorhus/escape-string-regexp"
"eslint-config-next@14.2.13","MIT","https://github.com/vercel/next.js"
"eslint-import-resolver-node@0.3.9","MIT","https://github.com/import-js/eslint-plugin-import"
"eslint-import-resolver-typescript@3.6.3","ISC","https://github.com/import-js/eslint-import-resolver-typescript"
"eslint-module-utils@2.12.0","MIT","https://github.com/import-js/eslint-plugin-import"
"eslint-plugin-import@2.30.0","MIT","https://github.com/import-js/eslint-plugin-import"
"eslint-plugin-jsx-a11y@6.10.0","MIT","https://github.com/jsx-eslint/eslint-plugin-jsx-a11y"
"eslint-plugin-react-hooks@4.6.2","MIT","https://github.com/facebook/react"
"eslint-plugin-react@7.37.0","MIT","https://github.com/jsx-eslint/eslint-plugin-react"
"eslint-scope@7.2.2","BSD-2-Clause","https://github.com/eslint/eslint-scope"
"eslint-visitor-keys@3.4.3","Apache-2.0","https://github.com/eslint/eslint-visitor-keys"
"eslint@8.57.1","MIT","https://github.com/eslint/eslint"
"espree@9.6.1","BSD-2-Clause","https://github.com/eslint/espree"
"esquery@1.6.0","BSD-3-Clause","https://github.com/estools/esquery"
"esrecurse@4.3.0","BSD-2-Clause","https://github.com/estools/esrecurse"
"estraverse@5.3.0","BSD-2-Clause","https://github.com/estools/estraverse"
"esutils@2.0.3","BSD-2-Clause","https://github.com/estools/esutils"
"fast-deep-equal@3.1.3","MIT","https://github.com/epoberezkin/fast-deep-equal"
"fast-glob@3.3.2","MIT","https://github.com/mrmlnc/fast-glob"
"fast-json-stable-stringify@2.1.0","MIT","https://github.com/epoberezkin/fast-json-stable-stringify"
"fast-levenshtein@2.0.6","MIT","https://github.com/hiddentao/fast-levenshtein"
"fastq@1.17.1","ISC","https://github.com/mcollina/fastq"
"faye-websocket@0.11.4","Apache-2.0","https://github.com/faye/faye-websocket-node"
"file-entry-cache@6.0.1","MIT","https://github.com/royriojas/file-entry-cache"
"fill-range@7.1.1","MIT","https://github.com/jonschlinkert/fill-range"
"find-root@1.1.0","MIT","https://github.com/js-n/find-root"
"find-up@5.0.0","MIT","https://github.com/sindresorhus/find-up"
"firebase@10.13.2","Apache-2.0","https://github.com/firebase/firebase-js-sdk"
"flat-cache@3.2.0","MIT","https://github.com/jaredwray/flat-cache"
"flatted@3.3.1","ISC","https://github.com/WebReflection/flatted"
"for-each@0.3.3","MIT","https://github.com/Raynos/for-each"
"foreground-child@3.3.0","ISC","https://github.com/tapjs/foreground-child"
"fs.realpath@1.0.0","ISC","https://github.com/isaacs/fs.realpath"
"function-bind@1.1.2","MIT","https://github.com/Raynos/function-bind"
"function.prototype.name@1.1.6","MIT","https://github.com/es-shims/Function.prototype.name"
"functions-have-names@1.2.3","MIT","https://github.com/inspect-js/functions-have-names"
"get-caller-file@2.0.5","ISC","https://github.com/stefanpenner/get-caller-file"
"get-intrinsic@1.2.4","MIT","https://github.com/ljharb/get-intrinsic"
"get-symbol-description@1.0.2","MIT","https://github.com/inspect-js/get-symbol-description"
"get-tsconfig@4.8.1","MIT","https://github.com/privatenumber/get-tsconfig"
"glob-parent@5.1.2","ISC","https://github.com/gulpjs/glob-parent"
"glob-parent@6.0.2","ISC","https://github.com/gulpjs/glob-parent"
"glob@10.3.10","ISC","https://github.com/isaacs/node-glob"
"glob@7.2.3","ISC","https://github.com/isaacs/node-glob"
"globals@11.12.0","MIT","https://github.com/sindresorhus/globals"
"globals@13.24.0","MIT","https://github.com/sindresorhus/globals"
"globalthis@1.0.4","MIT","https://github.com/ljharb/System.global"
"gopd@1.0.1","MIT","https://github.com/ljharb/gopd"
"graceful-fs@4.2.11","ISC","https://github.com/isaacs/node-graceful-fs"
"graphemer@1.4.0","MIT","https://github.com/flmnt/graphemer"
"has-bigints@1.0.2","MIT","https://github.com/ljharb/has-bigints"
"has-flag@3.0.0","MIT","https://github.com/sindresorhus/has-flag"
"has-flag@4.0.0","MIT","https://github.com/sindresorhus/has-flag"
"has-property-descriptors@1.0.2","MIT","https://github.com/inspect-js/has-property-descriptors"
"has-proto@1.0.3","MIT","https://github.com/inspect-js/has-proto"
"has-symbols@1.0.3","MIT","https://github.com/inspect-js/has-symbols"
"has-tostringtag@1.0.2","MIT","https://github.com/inspect-js/has-tostringtag"
"hasown@2.0.2","MIT","https://github.com/inspect-js/hasOwn"
"hoist-non-react-statics@3.3.2","BSD-3-Clause","https://github.com/mridgway/hoist-non-react-statics"
"http-parser-js@0.5.8","MIT","https://github.com/creationix/http-parser-js"
"idb@7.1.1","ISC","https://github.com/jakearchibald/idb"
"ignore@5.3.2","MIT","https://github.com/kaelzhang/node-ignore"
"import-fresh@3.3.0","MIT","https://github.com/sindresorhus/import-fresh"
"imurmurhash@0.1.4","MIT","https://github.com/jensyt/imurmurhash-js"
"inflight@1.0.6","ISC","https://github.com/npm/inflight"
"inherits@2.0.4","ISC","https://github.com/isaacs/inherits"
"internal-slot@1.0.7","MIT","https://github.com/ljharb/internal-slot"
"is-arguments@1.1.1","MIT","https://github.com/inspect-js/is-arguments"
"is-array-buffer@3.0.4","MIT","https://github.com/inspect-js/is-array-buffer"
"is-arrayish@0.2.1","MIT","https://github.com/qix-/node-is-arrayish"
"is-async-function@2.0.0","MIT","https://github.com/inspect-js/is-async-function"
"is-bigint@1.0.4","MIT","https://github.com/inspect-js/is-bigint"
"is-binary-path@2.1.0","MIT","https://github.com/sindresorhus/is-binary-path"
"is-boolean-object@1.1.2","MIT","https://github.com/inspect-js/is-boolean-object"
"is-bun-module@1.2.1","MIT","https://github.com/SunsetTechuila/is-bun-module"
"is-callable@1.2.7","MIT","https://github.com/inspect-js/is-callable"
"is-core-module@2.15.1","MIT","https://github.com/inspect-js/is-core-module"
"is-data-view@1.0.1","MIT","https://github.com/inspect-js/is-data-view"
"is-date-object@1.0.5","MIT","https://github.com/inspect-js/is-date-object"
"is-extglob@2.1.1","MIT","https://github.com/jonschlinkert/is-extglob"
"is-finalizationregistry@1.0.2","MIT","https://github.com/inspect-js/is-finalizationregistry"
"is-fullwidth-code-point@3.0.0","MIT","https://github.com/sindresorhus/is-fullwidth-code-point"
"is-generator-function@1.0.10","MIT","https://github.com/inspect-js/is-generator-function"
"is-glob@4.0.3","MIT","https://github.com/micromatch/is-glob"
"is-map@2.0.3","MIT","https://github.com/inspect-js/is-map"
"is-negative-zero@2.0.3","MIT","https://github.com/inspect-js/is-negative-zero"
"is-number-object@1.0.7","MIT","https://github.com/inspect-js/is-number-object"
"is-number@7.0.0","MIT","https://github.com/jonschlinkert/is-number"
"is-path-inside@3.0.3","MIT","https://github.com/sindresorhus/is-path-inside"
"is-regex@1.1.4","MIT","https://github.com/inspect-js/is-regex"
"is-set@2.0.3","MIT","https://github.com/inspect-js/is-set"
"is-shared-array-buffer@1.0.3","MIT","https://github.com/inspect-js/is-shared-array-buffer"
"is-string@1.0.7","MIT","https://github.com/ljharb/is-string"
"is-symbol@1.0.4","MIT","https://github.com/inspect-js/is-symbol"
"is-typed-array@1.1.13","MIT","https://github.com/inspect-js/is-typed-array"
"is-weakmap@2.0.2","MIT","https://github.com/inspect-js/is-weakmap"
"is-weakref@1.0.2","MIT","https://github.com/inspect-js/is-weakref"
"is-weakset@2.0.3","MIT","https://github.com/inspect-js/is-weakset"
"isarray@2.0.5","MIT","https://github.com/juliangruber/isarray"
"isexe@2.0.0","ISC","https://github.com/isaacs/isexe"
"iterator.prototype@1.1.2","MIT","https://github.com/ljharb/Iterator.prototype"
"jackspeak@2.3.6","BlueOak-1.0.0","https://github.com/isaacs/jackspeak"
"jiti@1.21.6","MIT","https://github.com/unjs/jiti"
"js-tokens@4.0.0","MIT","https://github.com/lydell/js-tokens"
"js-yaml@4.1.0","MIT","https://github.com/nodeca/js-yaml"
"jsesc@2.5.2","MIT","https://github.com/mathiasbynens/jsesc"
"json-buffer@3.0.1","MIT","https://github.com/dominictarr/json-buffer"
"json-parse-even-better-errors@2.3.1","MIT","https://github.com/npm/json-parse-even-better-errors"
"json-schema-traverse@0.4.1","MIT","https://github.com/epoberezkin/json-schema-traverse"
"json-stable-stringify-without-jsonify@1.0.1","MIT","https://github.com/samn/json-stable-stringify"
"json5@1.0.2","MIT","https://github.com/json5/json5"
"jsx-ast-utils@3.3.5","MIT","https://github.com/jsx-eslint/jsx-ast-utils"
"keyv@4.5.4","MIT","https://github.com/jaredwray/keyv"
"language-subtag-registry@0.3.23","CC0-1.0","https://github.com/mattcg/language-subtag-registry"
"language-tags@1.0.9","MIT","https://github.com/mattcg/language-tags"
"levn@0.4.1","MIT","https://github.com/gkz/levn"
"lilconfig@2.1.0","MIT","https://github.com/antonk52/lilconfig"
"lilconfig@3.1.2","MIT","https://github.com/antonk52/lilconfig"
"lines-and-columns@1.2.4","MIT","https://github.com/eventualbuddha/lines-and-columns"
"locate-path@6.0.0","MIT","https://github.com/sindresorhus/locate-path"
"lodash.camelcase@4.3.0","MIT","https://github.com/lodash/lodash"
"lodash.merge@4.6.2","MIT","https://github.com/lodash/lodash"
"long@5.2.3","Apache-2.0","https://github.com/dcodeIO/long.js"
"loose-envify@1.4.0","MIT","https://github.com/zertosh/loose-envify"
"lru-cache@10.4.3","ISC","https://github.com/isaacs/node-lru-cache"
"merge2@1.4.1","MIT","https://github.com/teambition/merge2"
"micromatch@4.0.8","MIT","https://github.com/micromatch/micromatch"
"minimatch@3.1.2","ISC","https://github.com/isaacs/minimatch"
"minimatch@9.0.5","ISC","https://github.com/isaacs/minimatch"
"minimist@1.2.8","MIT","https://github.com/minimistjs/minimist"
"minipass@7.1.2","ISC","https://github.com/isaacs/minipass"
"ms@2.1.3","MIT","https://github.com/vercel/ms"
"mz@2.7.0","MIT","https://github.com/normalize/mz"
"nanoid@3.3.7","MIT","https://github.com/ai/nanoid"
"natural-compare@1.4.0","MIT","https://github.com/litejs/natural-compare-lite"
"next@14.2.13","MIT","https://github.com/vercel/next.js"
"normalize-path@3.0.0","MIT","https://github.com/jonschlinkert/normalize-path"
"object-assign@4.1.1","MIT","https://github.com/sindresorhus/object-assign"
"object-hash@3.0.0","MIT","https://github.com/puleos/object-hash"
"object-inspect@1.13.2","MIT","https://github.com/inspect-js/object-inspect"
"object-is@1.1.6","MIT","https://github.com/es-shims/object-is"
"object-keys@1.1.1","MIT","https://github.com/ljharb/object-keys"
"object.assign@4.1.5","MIT","https://github.com/ljharb/object.assign"
"object.entries@1.1.8","MIT","https://github.com/es-shims/Object.entries"
"object.fromentries@2.0.8","MIT","https://github.com/es-shims/Object.fromEntries"
"object.groupby@1.0.3","MIT","https://github.com/es-shims/Object.groupBy"
"object.values@1.2.0","MIT","https://github.com/es-shims/Object.values"
"once@1.4.0","ISC","https://github.com/isaacs/once"
"optionator@0.9.4","MIT","https://github.com/gkz/optionator"
"p-limit@3.1.0","MIT","https://github.com/sindresorhus/p-limit"
"p-locate@5.0.0","MIT","https://github.com/sindresorhus/p-locate"
"parent-module@1.0.1","MIT","https://github.com/sindresorhus/parent-module"
"parse-json@5.2.0","MIT","https://github.com/sindresorhus/parse-json"
"path-exists@4.0.0","MIT","https://github.com/sindresorhus/path-exists"
"path-is-absolute@1.0.1","MIT","https://github.com/sindresorhus/path-is-absolute"
"path-key@3.1.1","MIT","https://github.com/sindresorhus/path-key"
"path-parse@1.0.7","MIT","https://github.com/jbgutierrez/path-parse"
"path-scurry@1.11.1","BlueOak-1.0.0","https://github.com/isaacs/path-scurry"
"path-type@4.0.0","MIT","https://github.com/sindresorhus/path-type"
"picocolors@1.1.0","ISC","https://github.com/alexeyraspopov/picocolors"
"picomatch@2.3.1","MIT","https://github.com/micromatch/picomatch"
"pify@2.3.0","MIT","https://github.com/sindresorhus/pify"
"pirates@4.0.6","MIT","https://github.com/danez/pirates"
"possible-typed-array-names@1.0.0","MIT","https://github.com/ljharb/possible-typed-array-names"
"postcss-import@15.1.0","MIT","https://github.com/postcss/postcss-import"
"postcss-js@4.0.1","MIT","https://github.com/postcss/postcss-js"
"postcss-load-config@4.0.2","MIT","https://github.com/postcss/postcss-load-config"
"postcss-nested@6.2.0","MIT","https://github.com/postcss/postcss-nested"
"postcss-selector-parser@6.1.2","MIT","https://github.com/postcss/postcss-selector-parser"
"postcss-value-parser@4.2.0","MIT","https://github.com/TrySound/postcss-value-parser"
"postcss@8.4.31","MIT","https://github.com/postcss/postcss"
"postcss@8.4.47","MIT","https://github.com/postcss/postcss"
"prelude-ls@1.2.1","MIT","https://github.com/gkz/prelude-ls"
"prop-types@15.8.1","MIT","https://github.com/facebook/prop-types"
"protobufjs@7.4.0","BSD-3-Clause","https://github.com/protobufjs/protobuf.js"
"punycode@2.3.1","MIT","https://github.com/mathiasbynens/punycode.js"
"queue-microtask@1.2.3","MIT","https://github.com/feross/queue-microtask"
"react-dom@18.3.1","MIT","https://github.com/facebook/react"
"react-firebase-hooks@5.1.1","Apache-2.0","https://github.com/csfrequency/react-firebase-hooks"
"react-is@16.13.1","MIT","https://github.com/facebook/react"
"react-is@18.3.1","MIT","https://github.com/facebook/react"
"react-transition-group@4.4.5","BSD-3-Clause","https://github.com/reactjs/react-transition-group"
"react@18.3.1","MIT","https://github.com/facebook/react"
"read-cache@1.0.0","MIT","https://github.com/TrySound/read-cache"
"readdirp@3.6.0","MIT","https://github.com/paulmillr/readdirp"
"reflect.getprototypeof@1.0.6","MIT","https://github.com/es-shims/Reflect.getPrototypeOf"
"regenerator-runtime@0.14.1","MIT","https://github.com/facebook/regenerator/tree/main/packages/runtime"
"regexp.prototype.flags@1.5.2","MIT","https://github.com/es-shims/RegExp.prototype.flags"
"require-directory@2.1.1","MIT","https://github.com/troygoode/node-require-directory"
"resolve-from@4.0.0","MIT","https://github.com/sindresorhus/resolve-from"
"resolve-pkg-maps@1.0.0","MIT","https://github.com/privatenumber/resolve-pkg-maps"
"resolve@1.22.8","MIT","https://github.com/browserify/resolve"
"resolve@2.0.0-next.5","MIT","https://github.com/browserify/resolve"
"reusify@1.0.4","MIT","https://github.com/mcollina/reusify"
"rimraf@3.0.2","ISC","https://github.com/isaacs/rimraf"
"run-parallel@1.2.0","MIT","https://github.com/feross/run-parallel"
"safe-array-concat@1.1.2","MIT","https://github.com/ljharb/safe-array-concat"
"safe-buffer@5.2.1","MIT","https://github.com/feross/safe-buffer"
"safe-regex-test@1.0.3","MIT","https://github.com/ljharb/safe-regex-test"
"scheduler@0.23.2","MIT","https://github.com/facebook/react"
"semver@6.3.1","ISC","https://github.com/npm/node-semver"
"semver@7.6.3","ISC","https://github.com/npm/node-semver"
"set-function-length@1.2.2","MIT","https://github.com/ljharb/set-function-length"
"set-function-name@2.0.2","MIT","https://github.com/ljharb/set-function-name"
"shebang-command@2.0.0","MIT","https://github.com/kevva/shebang-command"
"shebang-regex@3.0.0","MIT","https://github.com/sindresorhus/shebang-regex"
"side-channel@1.0.6","MIT","https://github.com/ljharb/side-channel"
"signal-exit@4.1.0","ISC","https://github.com/tapjs/signal-exit"
"source-map-js@1.2.1","BSD-3-Clause","https://github.com/7rulnik/source-map-js"
"source-map@0.5.7","BSD-3-Clause","https://github.com/mozilla/source-map"
"stop-iteration-iterator@1.0.0","MIT","https://github.com/ljharb/stop-iteration-iterator"
"streamsearch@1.1.0","MIT","https://github.com/mscdex/streamsearch"
"string-width@4.2.3","MIT","https://github.com/sindresorhus/string-width"
"string-width@5.1.2","MIT","https://github.com/sindresorhus/string-width"
"string.prototype.includes@2.0.0","MIT","https://github.com/mathiasbynens/String.prototype.includes"
"string.prototype.matchall@4.0.11","MIT","https://github.com/es-shims/String.prototype.matchAll"
"string.prototype.repeat@1.0.0","MIT","https://github.com/mathiasbynens/String.prototype.repeat"
"string.prototype.trim@1.2.9","MIT","https://github.com/es-shims/String.prototype.trim"
"string.prototype.trimend@1.0.8","MIT","https://github.com/es-shims/String.prototype.trimEnd"
"string.prototype.trimstart@1.0.8","MIT","https://github.com/es-shims/String.prototype.trimStart"
"strip-ansi@6.0.1","MIT","https://github.com/chalk/strip-ansi"
"strip-ansi@7.1.0","MIT","https://github.com/chalk/strip-ansi"
"strip-bom@3.0.0","MIT","https://github.com/sindresorhus/strip-bom"
"strip-json-comments@3.1.1","MIT","https://github.com/sindresorhus/strip-json-comments"
"styled-jsx@5.1.1","MIT","https://github.com/vercel/styled-jsx"
"stylis@4.2.0","MIT","https://github.com/thysultan/stylis.js"
"sucrase@3.35.0","MIT","https://github.com/alangpierce/sucrase"
"supports-color@5.5.0","MIT","https://github.com/chalk/supports-color"
"supports-color@7.2.0","MIT","https://github.com/chalk/supports-color"
"supports-preserve-symlinks-flag@1.0.0","MIT","https://github.com/inspect-js/node-supports-preserve-symlinks-flag"
"tailwindcss@3.4.13","MIT","https://github.com/tailwindlabs/tailwindcss"
"tapable@2.2.1","MIT","https://github.com/webpack/tapable"
"technosquare-nextapp@0.1.0","UNLICENSED",""
"text-table@0.2.0","MIT","https://github.com/substack/text-table"
"thenify-all@1.6.0","MIT","https://github.com/thenables/thenify-all"
"thenify@3.3.1","MIT","https://github.com/thenables/thenify"
"to-fast-properties@2.0.0","MIT","https://github.com/sindresorhus/to-fast-properties"
"to-regex-range@5.0.1","MIT","https://github.com/micromatch/to-regex-range"
"ts-api-utils@1.3.0","MIT","https://github.com/JoshuaKGoldberg/ts-api-utils"
"ts-interface-checker@0.1.13","Apache-2.0","https://github.com/gristlabs/ts-interface-checker"
"tsconfig-paths@3.15.0","MIT","https://github.com/dividab/tsconfig-paths"
"tslib@2.7.0","0BSD","https://github.com/Microsoft/tslib"
"type-check@0.4.0","MIT","https://github.com/gkz/type-check"
"type-fest@0.20.2","(MIT OR CC0-1.0)","https://github.com/sindresorhus/type-fest"
"typed-array-buffer@1.0.2","MIT","https://github.com/ljharb/typed-array-buffer"
"typed-array-byte-length@1.0.1","MIT","https://github.com/inspect-js/typed-array-byte-length"
"typed-array-byte-offset@1.0.2","MIT","https://github.com/inspect-js/typed-array-byte-offset"
"typed-array-length@1.0.6","MIT","https://github.com/inspect-js/typed-array-length"
"typescript@5.6.2","Apache-2.0","https://github.com/microsoft/TypeScript"
"unbox-primitive@1.0.2","MIT","https://github.com/ljharb/unbox-primitive"
"undici-types@6.19.8","MIT","https://github.com/nodejs/undici"
"undici@6.19.7","MIT","https://github.com/nodejs/undici"
"uri-js@4.4.1","BSD-2-Clause","https://github.com/garycourt/uri-js"
"util-deprecate@1.0.2","MIT","https://github.com/TooTallNate/util-deprecate"
"websocket-driver@0.7.4","Apache-2.0","https://github.com/faye/websocket-driver-node"
"websocket-extensions@0.1.4","Apache-2.0","https://github.com/faye/websocket-extensions-node"
"which-boxed-primitive@1.0.2","MIT","https://github.com/inspect-js/which-boxed-primitive"
"which-builtin-type@1.1.4","MIT","https://github.com/inspect-js/which-builtin-type"
"which-collection@1.0.2","MIT","https://github.com/inspect-js/which-collection"
"which-typed-array@1.1.15","MIT","https://github.com/inspect-js/which-typed-array"
"which@2.0.2","ISC","https://github.com/isaacs/node-which"
"word-wrap@1.2.5","MIT","https://github.com/jonschlinkert/word-wrap"
"wrap-ansi@7.0.0","MIT","https://github.com/chalk/wrap-ansi"
"wrap-ansi@8.1.0","MIT","https://github.com/chalk/wrap-ansi"
"wrappy@1.0.2","ISC","https://github.com/npm/wrappy"
"y18n@5.0.8","ISC","https://github.com/yargs/y18n"
"yaml@1.10.2","ISC","https://github.com/eemeli/yaml"
"yaml@2.5.1","ISC","https://github.com/eemeli/yaml"
"yargs-parser@21.1.1","ISC","https://github.com/yargs/yargs-parser"
"yargs@17.7.2","MIT","https://github.com/yargs/yargs"
"yocto-queue@0.1.0","MIT","https://github.com/sindresorhus/yocto-queue"
